"0","# abhängig von Betriebssystem müssen wir die locale setzen, sodass auf Computern mit englischen Einstellungen Datumsangaben richtig formatiert werden (z.B. März und nicht March). siehe hier: https://stackoverflow.com/a/49154187/6276235"
"0","if (.Platform$OS.type == ""windows"") {"
"0","  loc <- Sys.setlocale(""LC_TIME"", ""German"")"
"0","} else { # mac und Linux"
"0","  loc <- Sys.setlocale(""LC_TIME"", ""de_DE"")"
"0","  #loc_num <- Sys.setlocale(""LC_NUMERIC"", ""de_DE"")"
"0","}"
"0",""
"0","# Funktion zum Formatieren von Integer-Zahlen mit ""."" als Tausender-Trennzeichen "
"0","format_int <- function(value) {"
"0","  scales::number_format(big.mark = ""."", decimal.mark = "","")(value)"
"0","}"
"0",""
"0",""
"0","# Einfügen eines Logos rechts oben über HTML - das müsst Ihr nur nachvollziehen und ggf. gegen Euer Logo/Wunschbild austauschen"
"0","htmltools::img(src = ""https://www.breakfreefromplastic.org/wp-content/uploads/2020/10/bffp-logo.png"", "
"0","               width = '150px',"
"0","               style = 'position:absolute; top:0; right:0; padding:10px;')"
