"0","# Variablen für Singular / Plural Formulierung"
"0","karten_daten <- karten_daten %>% "
"0","  dplyr::mutate(word_n_events = if_else(n_events == 1, ""Event"", ""Events""),"
"0","                word_n_volunteers = if_else(n_volunteers == 1, ""Freiwillige*r"", ""Freiwillige""),"
"0","                word_n_pieces = if_else(n_pieces == 1, ""gesammeltes Plastikstück"", ""gesammelte Plastikstücke""))"
"0",""
"0","# Karte mit aktiven Ländern erstellen"
"0","leaflet::leaflet(karten_daten$geometry) %>%"
"0","  leaflet::addProviderTiles(providers$CartoDB.Positron) %>% # Layout wählen - wir empfehlen die Layouts von CartoDB (auch verfügbar ohne Labels und in schwarz)"
"0","  leaflet::addPolygons(color = ""#4E97AC"", weight = 1, smoothFactor = 0.5, opacity = 1.0, fillOpacity = 0.5, "
"0","                       popup = glue::glue(""{karten_daten$country}: {karten_daten$n_events} {karten_daten$word_n_events}, {karten_daten$n_volunteers} {karten_daten$word_n_volunteers}, {karten_daten$n_pieces} {karten_daten$word_n_pieces}""))"
