"0","# Optional: Erstellung eines Punktediagramms mit der Anzahl gesammelter Plastikstücke pro Kontinent"
"0","ggplot(data = community, aes(n_events, n_pieces, label = country)) + # Initialisierung des ggplots mit Variablen"
"0","  geom_point(position = position_jitter(seed = 3), size = 3, alpha = 0.5, color = ""darkgrey"") + # Hinzufügen der Datenpunkte (Scatterplot) inkl. Stylingoptionen zur Positionierung, Punktegröße, Transparenz und Farbe"
"0","  stat_smooth(colour = ""darkred"", method = ""lm"") + # Trendlinie hinzufügen"
"0","  coord_cartesian(xlim = c(0, median(community$n_events) + 0.5 * sd(community$n_events)), ylim = c(0, median(community$n_pieces) + 0.5 * sd(community$n_pieces))) + # Festlegung der Achsenlänge der x- und y-Achse"
"0","  geom_text(size = 2) + "
"0","  labs("
"0","    title = ""Anzahl gesammelter Plastiksstücke bei 'Break Free From Plastic' ..."" ,"
"0","    subtitle = ""... in Abhängigkeit von der Eventanzahl."","
"0","    x = ""Events"","
"0","    y = ""Anzahl gefundener Plastikstücke"","
"0","    caption = glue::glue(""n = {nrow(community)}\n Einige Ausreißer wurden zur Lesbarkeit des Graphen ausgeklammert. \nDatenquelle: TidyTuesday und BFFP"")) + # Festlegung der Achsenbezeichungen, Überschriften und Titel"
"0","  theme_minimal() # Festlegung des Layout-Designs"
