"0","# Berechnung der Länder- und Freiwilligenanzahl je Kontinent"
"0","overview_community <- community %>% # Bezug zum Datensatz"
"0","  group_by(""Kontinent"" = continent) %>% # Gruppierung pro Kontinent"
"0","  summarize( # Initialisierung der Berechnung"
"0","    # Anzahl beteiligter Länder"
"0","    ""Anzahl Länder"" = n(),"
"0","    # Anzahl Events"
"0","    ""Anzahl Events"" = sum(n_events),"
"0","    # Teilnahmezahl der Freiwilligen"
"0","    ""Anzahl Freiwilliger"" = sum(n_volunteers),"
"0","    # Anzahl Plastikstücke"
"0","    ""Anzahl Plastikstücke"" = sum(n_pieces))"
"0","knitr::kable(overview_community, caption = ""Übersicht über Events und Freiwillige"")"
