"0","# Schritt 2: bereits bereinigte Daten laden"
"0","# TODO: link anpassen sobald auf main gemergt!"
"0","raw_data <- readr::read_csv('https://raw.githubusercontent.com/rfordatascience/tidytuesday/master/data/2021/2021-01-26/plastics.csv') # für den Einführungstext"
"2","[1mRows: [22m[34m13380[39m [1mColumns: [22m[34m14[39m"
"2","[36m──[39m [1mColumn specification[22m [36m──────────────────────────────────────────────────────────────────────────────────────────────────────────[39m
[1mDelimiter:[22m "",""
[31mchr[39m  (2): country, parent_company
[32mdbl[39m (12): year, empty, hdpe, ldpe, o, pet, pp, ps, pvc, grand_total, num_events, volunteers"
"2","
[36mℹ[39m Use [38;5;235m[48;5;253m[38;5;235m[48;5;253m`spec()`[48;5;253m[38;5;235m[49m[39m to retrieve the full column specification for this data.
[36mℹ[39m Specify the column types or set [38;5;235m[48;5;253m[38;5;235m[48;5;253m`show_col_types = FALSE`[48;5;253m[38;5;235m[49m[39m to quiet this message."
"0","community <- rio::import('https://raw.githubusercontent.com/CorrelAid/lernplattform/main/daten/bffp2019_community_by_country.csv')"
"0","audit <- rio::import('https://raw.githubusercontent.com/CorrelAid/lernplattform/main/daten/bffp2019_audit_by_country_and_company.csv')"
