"0","# Erstellung eines Boxplots mit Punktewolke zu der Anzahl an Freiwilligen"
"0","ggplot(data = community, aes(x = continent, y = n_volunteers, fill = continent)) +  # Initialisierung des ggplots mit Variablen"
"0","  geom_point(size = 3, alpha = 0.5, position = position_jitter(seed = 1, width = .2), color = ""darkgrey"") + # # Hinzufügen der Datenpunkte (Scatterplot) inkl. Stylingoptionen zur Positionierung, Punktegröße, Transparenz und Farbe zur Verdeutlichung der Anzahl"
"0","  geom_boxplot(alpha = 0.6) + # Hinzufügen des Boxplots"
"0","  coord_cartesian(ylim = c(0, median(community$n_volunteers) + 0.5 * sd(community$n_volunteers))) + # Festlegung der Achsenlänge der y-Achse abhängig von Median und Standardabweichung"
"0","  labs("
"0","    title = ""Die Mobilisierung von Freiwilligen durch 'Break Free From Plastic' ..."" ,"
"0","    subtitle = ""... unterscheidet sich nach Kontinent."","
"0","    y = ""Anzahl Freiwilliger"","
"0","    x = ""Kontinent"","
"0","    caption = glue::glue(""n = {nrow(community)}\n Einige Ausreißer wurden zur Lesbarkeit des Graphen ausgeklammert. \nDatenquelle: TidyTuesday und BFFP"")) + # Festlegung der Achsenbezeichungen, Überschriften und Titel"
"0","  theme_minimal() + # Festlegung des Layout-Designs  "
"0","  theme(legend.position=""none"") + # Ausblenden der Legende"
"0","  scale_fill_manual(values = c(""#C9DFE6"", ""#94C0CD"", ""#4E97AC"", ""#366978"", ""#2E5A67"")) # Anwendung der BFFP-Farben"
