"0","# Erstellung eines Barplots zu den Herstellern von Plastik"
"0","ggplot2::ggplot(data = top10_parentcompany, aes(x = total_pieces, y = reorder(parent_company, total_pieces))) + # Plot auf Basis der bearbeiteten Daten inititalisieren"
"0","    geom_bar(stat = ""identity"", fill = ""#4E97AC"") + # Initialisierung eines Barplots mit absoluten Werten (stat = ""identity"") in der Farbe blau (#4E97AC)"
"0","    labs("
"0","      title = ""Prominente Firmen aus aller Welt ..."" ,"
"0","      subtitle = ""... stellen die gefundenen Plastikverpackungen her."","
"0","      x = ""Anzahl an Plastikstücken"","
"0","      y = ""Hersteller"""
"0","      ) +"
"0","    theme_minimal()"
