"0","# Schritt 4: Übersicht verschaffen"
"0","dplyr::glimpse(community)"
"1","Rows: 51"
"1",""
"1","
"
"1","Columns: 5"
"1",""
"1","
"
"1","$ continent    [3m[38;5;246m<chr>[39m[23m ""Afrika"", ""Afrika"", ""Afrika"", ""Afrika"", ""Afrika"", ""Afrika"", ""Afrika"", ""Afrika"", ""Afrika"", ""Afrika"", ""Afrika…
$ country      [3m[38;5;246m<chr>[39m[23m ""Benin"", ""Burkina Faso"", ""Elfenbeinküste"", ""Ghana"", ""Kamerun"", ""Kenia"", ""Nigeria"", ""Ruanda"", ""Südafrika"", ""…
$ n_pieces     [3m[38;5;246m<int>[39m[23m 4988, 5818, 53, 578, 8595, 9494, 80570, 413, 905, 1263, 40, 2668, 4734, 12715, 1, 856, 638, 4314, 16, 3500,…
$ n_volunteers [3m[38;5;246m<int>[39m[23m 2328, 235, 1500, 1100, 387, 1560, 1648, 82, 511, 103, 32, 243, 419, 455, 9, 5253, 48, 740, 100, 5300, 1439,…
$ n_events     [3m[38;5;246m<int>[39m[23m 1, 1, 1, 3, 10, 5, 14, 2, 2, 21, 1, 4, 3, 1, 1, 1, 7, 42, 1, 1, 48, 7, 4, 32, 35, 1, 1, 20, 2, 2, 5, 4, 1, …"
"1",""
"1","
"
"0","dplyr::glimpse(audit)"
"1","Rows: 55,293"
"1",""
"1","
"
"1","Columns: 5"
"1",""
"1","
"
"1","$ continent      [3m[38;5;246m<chr>[39m[23m ""Amerika"", ""Amerika"", ""Amerika"", ""Amerika"", ""Amerika"", ""Amerika"", ""Amerika"", ""Amerika"", ""Amerika"", ""Ameri…
$ country        [3m[38;5;246m<chr>[39m[23m ""Argentinien"", ""Argentinien"", ""Argentinien"", ""Argentinien"", ""Argentinien"", ""Argentinien"", ""Argentinien"", …
$ parent_company [3m[38;5;246m<chr>[39m[23m ""Unbranded"", ""Unbranded"", ""Unbranded"", ""Unbranded"", ""Unbranded"", ""Unbranded"", ""Unbranded"", ""The Coca-Cola…
$ plastic_type   [3m[38;5;246m<chr>[39m[23m ""hdpe"", ""ldpe"", ""o"", ""pet"", ""pp"", ""ps"", ""pvc"", ""hdpe"", ""ldpe"", ""o"", ""pet"", ""pp"", ""ps"", ""pvc"", ""hdpe"", ""ld…
$ n_pieces       [3m[38;5;246m<int>[39m[23m 155, 50, 532, 848, 122, 114, 17, 0, 0, 0, 222, 35, 0, 0, 0, 0, 0, 39, 4, 0, 0, 0, 0, 0, 38, 0, 0, 0, 0, 0…"
"1",""
"1","
"
