"0","# Top Ten Hersteller berechnen"
"0","top10_parentcompany <- audit %>%"
"0","    dplyr::ungroup() %>% # Gruppierung aufheben um Operation zu ermöglichen"
"0","  dplyr::select(parent_company, n_pieces) %>% # Spalten auswählen"
"0","  dplyr::group_by(parent_company) %>% # Pro Hersteller gruppieren"
"0","  dplyr::summarise(total_pieces = sum(n_pieces, na.rm = TRUE)) %>%"
"0","  dplyr::filter(! parent_company %in% c(""Grand Total"", ""Unbranded"", ""Inconnu"", ""Assorted""))  %>% # Unpassende Werte Filtern"
"0","  dplyr::slice_max(total_pieces, n = 10) %>% # die Top Ten abschneiden"
"0","  dplyr::arrange(desc(total_pieces))"
