{"chunk_definitions":[{"row":34,"row_count":1,"visible":true,"expansion_state":0,"options":{"engine":"r","echo":false,"message":false,"warning":false,"label":"unnamed-chunk-1"},"document_id":"81C58521","chunk_id":"cx1r65lrybnlm","chunk_label":"unnamed-chunk-1"},{"row":58,"row_count":1,"visible":true,"expansion_state":0,"options":{"engine":"css","echo":false,"label":"unnamed-chunk-2"},"document_id":"81C58521","chunk_id":"cqqzhs566xm3t","chunk_label":"unnamed-chunk-2"},{"row":69,"row_count":1,"visible":true,"expansion_state":0,"options":{"engine":"r","label":"setup","include":false},"document_id":"93CC121C","chunk_id":"csetup_chunk","chunk_label":"setup"},{"row":77,"row_count":1,"visible":true,"expansion_state":0,"options":{"engine":"r","label":"datenimport","include":false},"document_id":"81C58521","chunk_id":"cxbn3ptah2gyh","chunk_label":"datenimport"},{"row":81,"row_count":1,"visible":true,"expansion_state":0,"options":{"engine":"r","label":"datenbereinigung","include":false},"document_id":"81C58521","chunk_id":"cuiwk331308jn","chunk_label":"datenbereinigung"},{"row":87,"row_count":1,"visible":true,"expansion_state":0,"options":{"engine":"r","label":"ueberblick","include":false},"document_id":"81C58521","chunk_id":"cyb1cqun3ep1y","chunk_label":"ueberblick"},{"row":108,"row_count":1,"visible":true,"expansion_state":0,"options":{"engine":"r","label":"kartendaten","include":false},"document_id":"81C58521","chunk_id":"c3btobaenrfsv","chunk_label":"kartendaten"},{"row":122,"row_count":1,"visible":true,"expansion_state":0,"options":{"engine":"r","label":"karte","echo":false},"document_id":"81C58521","chunk_id":"c1mbipmotp1q6","chunk_label":"karte"},{"row":141,"row_count":1,"visible":true,"expansion_state":0,"options":{"engine":"r","label":"top10hersteller","include":false},"document_id":"81C58521","chunk_id":"c6zd3taoiim2c","chunk_label":"top10hersteller"},{"row":157,"row_count":1,"visible":true,"expansion_state":0,"options":{"engine":"r","label":"geombar","echo":false},"document_id":"81C58521","chunk_id":"cw9ccuei4u8mp","chunk_label":"geombar"},{"row":165,"row_count":1,"visible":true,"expansion_state":0,"options":{},"document_id":"81C58521","chunk_id":"cw6oq052t9e9l","chunk_label":"unnamed-chunk-3"},{"row":184,"row_count":1,"visible":true,"expansion_state":0,"options":{},"document_id":"81C58521","chunk_id":"ctuh3qmvd42uf","chunk_label":"dplyruebung"},{"row":195,"row_count":1,"visible":true,"expansion_state":0,"options":{},"document_id":"81C58521","chunk_id":"c7n4taox89n1z","chunk_label":"top_performers"},{"row":216,"row_count":1,"visible":true,"expansion_state":0,"options":{},"document_id":"81C58521","chunk_id":"czz6exh1mzprs","chunk_label":"boxplot_freiwillige"},{"row":233,"row_count":1,"visible":true,"expansion_state":0,"options":{"engine":"r","label":"boxplot_plastik","echo":false},"document_id":"81C58521","chunk_id":"cllfj2m606k59","chunk_label":"boxplot_plastik"},{"row":254,"row_count":1,"visible":true,"expansion_state":0,"options":{},"document_id":"81C58521","chunk_id":"c98w8e8u4vqed","chunk_label":"punktediagramm"}],"doc_write_time":1648221193,"working_dir":null,"default_chunk_options":{},"chunk_rendered_width":413}